"","sp","kept"
"1","Abrocoma_bennettii",1
"2","Abrocoma_boliviensis",1
"3","Abrocoma_cinerea",1
"4","Aconaemys_fuscus",1
"5","Aconaemys_porteri",1
"6","Aconaemys_sagei",1
"7","Atherurus_africanus",1
"8","Atherurus_macrourus",1
"9","Callistomys_pictus",1
"10","Capromys_pilorides",1
"11","Carterodon_sulcidens",1
"12","Chinchilla_lanigera",1
"13","Clyomys_laticeps",1
"14","Ctenomys_argentinus",1
"15","Ctenomys_australis",1
"16","Ctenomys_azarae",1
"17","Ctenomys_bergi",1
"18","Ctenomys_boliviensis",1
"19","Ctenomys_bonettoi",1
"20","Ctenomys_colburni",1
"21","Ctenomys_conoveri",1
"22","Ctenomys_coyhaiquensis",1
"23","Ctenomys_dorbignyi",1
"24","Ctenomys_dorsalis",1
"25","Ctenomys_erikacuellarae",1
"26","Ctenomys_famosus",1
"27","Ctenomys_flamarioni",1
"28","Ctenomys_fodax",1
"29","Ctenomys_frater",1
"30","Ctenomys_fulvus",1
"31","Ctenomys_goodfellowi",1
"32","Ctenomys_haigi",1
"33","Ctenomys_ibicuiensis",1
"34","Ctenomys_juris",1
"35","Ctenomys_lami",1
"36","Ctenomys_latro",1
"37","Ctenomys_leucodon",1
"38","Ctenomys_lewisi",1
"39","Ctenomys_magellanicus",1
"40","Ctenomys_maulinus",1
"41","Ctenomys_mendocinus",1
"42","Ctenomys_minutus",1
"43","Ctenomys_minutus_x_Ctenomys_flamarioni",1
"44","Ctenomys_nattereri",1
"45","Ctenomys_occultus",1
"46","Ctenomys_opimus",1
"47","Ctenomys_pearsoni",1
"48","Ctenomys_perrensi",1
"49","Ctenomys_pilarensis",1
"50","Ctenomys_porteousi",1
"51","Ctenomys_pundti",1
"52","Ctenomys_rionegrensis",1
"53","Ctenomys_roigi",1
"54","Ctenomys_rosendopascuali",1
"55","Ctenomys_saltarius",1
"56","Ctenomys_scagliai",1
"57","Ctenomys_sericeus",1
"58","Ctenomys_sociabilis",1
"59","Ctenomys_steinbachi",1
"60","Ctenomys_talarum",1
"61","Ctenomys_torquatus",1
"62","Ctenomys_tuconax",1
"63","Ctenomys_tucumanus",1
"64","Ctenomys_yolandae",1
"65","Cuscomys_ashaninka",1
"66","Dactylomys_boliviensis",1
"67","Dactylomys_dactylinus",1
"68","Dactylomys_peruanus",1
"69","Dinomys_branickii",1
"70","Diplomys_labilis",1
"71","Echimys_chrysurus",1
"72","Euryzygomatomys_spinosus",1
"73","Geocapromys_brownii",1
"74","Geocapromys_ingrahami",1
"75","Geocapromys_thoracatus",1
"76","Hoplomys_gymnurus",1
"77","Hystrix_africaeaustralis",1
"78","Hystrix_brachyura",1
"79","Hystrix_crassispinis",1
"80","Hystrix_cristata",1
"81","Hystrix_indica",1
"82","Isothrix_barbarabrownae",1
"83","Isothrix_bistriata",1
"84","Isothrix_negrensis",1
"85","Isothrix_orinoci",1
"86","Isothrix_pagurus",1
"87","Isothrix_sinnamariensis",1
"88","Kannabateomys_amblyonyx",1
"89","Lagidium_peruanum",1
"90","Lagidium_viscacia",1
"91","Lagidium_wolffsohni",1
"92","Lagostomus_maximus",1
"93","Lonchothrix_emiliae",1
"94","Makalata_didelphoides",1
"95","Makalata_macrura",1
"96","Mesocapromys_angelcabrerai",1
"97","Mesocapromys_auritus",1
"98","Mesocapromys_melanurus",1
"99","Mesocapromys_nanus",1
"100","Mesomys_hispidus",1
"101","Mesomys_occultus",1
"102","Mesomys_stimulax",1
"103","Myocastor_coypus",1
"104","Mysateles_prehensilis",1
"105","Octodon_bridgesi",1
"106","Octodon_degus",1
"107","Octodon_lunatus",1
"108","Octodon_pacificus",1
"109","Octodontomys_gliroides",1
"110","Octomys_mimax",1
"111","Olallamys_albicauda",1
"112","Pattonomys_occasius",1
"113","Pattonomys_semivillosus",1
"114","Phyllomys_blainvillii",1
"115","Phyllomys_brasiliensis",1
"116","Phyllomys_dasythrix",1
"117","Phyllomys_kerri",1
"118","Phyllomys_lamarum",1
"119","Phyllomys_lundi",1
"120","Phyllomys_mantiqueirensis",1
"121","Phyllomys_nigrispinus",1
"122","Phyllomys_pattoni",1
"123","Phyllomys_sulinus",1
"124","Phyllomys_unicolor",1
"125","Pipanacoctomys_aureus",1
"126","Plagiodontia_aedium",1
"127","Proechimys_cuvieri",1
"128","Proechimys_gularis",1
"129","Proechimys_guyannensis",1
"130","Proechimys_hoplomyoides",1
"131","Proechimys_longicaudatus",1
"132","Proechimys_quadruplicatus",1
"133","Proechimys_roberti",1
"134","Proechimys_simonsi",1
"135","Proechimys_steerei",1
"136","Santamartamys_rufodorsalis",1
"137","Spalacopus_cyanus",1
"138","Thrichomys_apereoides",1
"139","Thrichomys_fosteri",1
"140","Thrichomys_inermis",1
"141","Thrichomys_laurenteus",1
"142","Thrichomys_pachyurus",1
"143","Trichys_fasciculata",1
"144","Trinomys_albispinus",1
"145","Trinomys_dimidiatus",1
"146","Trinomys_eliasi",1
"147","Trinomys_gratiosus",1
"148","Trinomys_iheringi",1
"149","Trinomys_moojeni",1
"150","Trinomys_paratus",1
"151","Trinomys_setosus",1
"152","Trinomys_yonenagae",1
"153","Tympanoctomys_barrerae",1
"154","Tympanoctomys_kirchnerorum",1
"155","Tympanoctomys_loschalchalerosorum",1
"156","Ctenomys_mendocinus_complex_sp._FM-2018",0
"157","Ctenomys_sp.",0
"158","Ctenomys_sp._'central'",0
"159","Ctenomys_sp._'chasiquensis'",0
"160","Ctenomys_sp._'ita'",0
"161","Ctenomys_sp._'llathu'",0
"162","Ctenomys_sp._'xingu'",0
"163","Ctenomys_sp._19MH",0
"164","Ctenomys_sp._Chasico_population",0
"165","Ctenomys_sp._DAB-2012",0
"166","Ctenomys_sp._LTU_207",0
"167","Ctenomys_sp._MJGF-2012",0
"168","Ctenomys_sp._NK12221",0
"169","Ctenomys_sp._NK12404",0
"170","Ctenomys_sp._NK12406",0
"171","Ctenomys_sp._NK21221",0
"172","Ctenomys_sp._NK21303",0
"173","Ctenomys_sp._NK22840",0
"174","Ctenomys_sp._PAR-2012b",0
"175","Ctenomys_sp._PNG_1201",0
"176","Ctenomys_sp._PNG_160",0
"177","Ctenomys_sp._PNG_1614",0
"178","Ctenomys_sp._PNG_191",0
"179","Ctenomys_sp._PNG_336",0
"180","Ctenomys_sp._PNG_803",0
"181","Hystrix_sp._AG-2017",0
"182","Lagidium_cf._peruanum",0
"183","Mesomys_sp.",0
"184","Phyllomys_aff._dasythrix",0
"185","Phyllomys_sp._1_ACL-2016",0
"186","Phyllomys_sp._2_ACL-2016",0
"187","Phyllomys_sp._3_ACL-2016",0
"188","Phyllomys_sp._4_ACL-2013",0
"189","Phyllomys_sp._ACL-2011",0
"190","Phyllomys_sp._c_ACL-2016",0
"191","Proechimys_sp.",0
"192","Proechimys_sp._AVB-2011",0
"193","Proechimys_sp._bkl1",0
"194","Proechimys_sp._bkl2",0
"195","Proechimys_sp._BOLD:AAA1748",0
"196","Proechimys_sp._BOLD:AAA3831",0
"197","Thrichomys_aff._apereoides",0
"198","Thrichomys_aff._inermis",0
"199","Thrichomys_sp.",0
"200","Thrichomys_sp._CRB_1815",0
"201","Thrichomys_sp._RGR-2010a",0
"202","Trinomys_sp._EDH33",0
"203","Trinomys_sp._ML110",0
"204","Trinomys_sp._MN-31459",0
"205","Trinomys_sp._PEU-880027",0
